,pdb_id,type,pdb_filename,ligand_resn,chembl_id,formal_charge,SMILES,systematic_name,title,title_name,paper_name,pdb_al_filename
0,5QGG,hit,5qgg.pdb,H2G,,0,C[C@H](O)CNCc1sc(C)cc1,(2S)-1-{[(5-methylthiophen-2-yl)methyl]amino}propan-2-ol,PanDDA analysis group deposition of models with modelled events (e.g. bound ligands) -- Crystal Structure of NUDT7 in complex with FMOPL000693a,FMOPL000693a,,5qgg.al.pdb
1,5QGH,hit,5qgh.pdb,H2D,,0,CC[C@@H](C(=O)Nc1ccon1)c2ccccc2,"(2R)-N-(1,2-oxazol-3-yl)-2-phenylbutanamide",PanDDA analysis group deposition of models with modelled events (e.g. bound ligands) -- Crystal Structure of NUDT7 in complex with FMOPL000420a,FMOPL000420a,,5qgh.al.pdb
2,5QGI,hit,5qgi.pdb,B0V,,0,COCC(=O)Nc1c(C)cc(C)cc1C,"2-methoxy-~{N}-(2,4,6-trimethylphenyl)ethanamide",PanDDA analysis group deposition of models with modelled events (e.g. bound ligands) -- Crystal Structure of NUDT7 in complex with FMOPL000710a,FMOPL000710a,,5qgi.al.pdb
3,5QGJ,hit,5qgj.pdb,H1A,,0,CCC(CC)C(=O)Nc1ccccc1O,2-ethyl-N-(2-hydroxyphenyl)butanamide,PanDDA analysis group deposition of models with modelled events (e.g. bound ligands) -- Crystal Structure of NUDT7 in complex with FMOPL000706a,FMOPL000706a,,5qgj.al.pdb
4,5QGK,hit,5qgk.pdb,H0S,,0,Cc1ccc(Nc2ncnc3[nH]ncc23)cc1,"N-(4-methylphenyl)-1H-pyrazolo[3,4-d]pyrimidin-4-amine",PanDDA analysis group deposition of models with modelled events (e.g. bound ligands) -- Crystal Structure of NUDT7 in complex with FMOPL000679a,FMOPL000679a,,5qgk.al.pdb
5,5QGL,hit,5qgl.pdb,H5A,,0,COc1cc(cc(OC)c1OC)C(O)=O,"3,4,5-trimethoxybenzoic acid",PanDDA analysis group deposition of models with modelled events (e.g. bound ligands) -- Crystal Structure of NUDT7 in complex with FMOPL000275a,FMOPL000275a,,5qgl.al.pdb
6,5QGM,hit,5qgm.pdb,H4Y,,0,COc1ccc(cc1)c2ccccc2N3CCCC3=O,"1-(4'-methoxy[1,1'-biphenyl]-2-yl)pyrrolidin-2-one",PanDDA analysis group deposition of models with modelled events (e.g. bound ligands) -- Crystal Structure of NUDT7 in complex with OX-160,OX-160,Compound 3A,5qgm.al.pdb
7,5QGN,hit,5qgn.pdb,H4D,,0,OB(O)c1cc(NC(=O)Cc2sccc2)cc(c1)C(O)=O,3-borono-5-{[(thiophen-2-yl)acetyl]amino}benzoic acid,PanDDA analysis group deposition of models with modelled events (e.g. bound ligands) -- Crystal Structure of NUDT7 in complex with OX-210,OX-210,,5qgn.al.pdb
8,5QGO,hit,5qgo.pdb,H4A,,0,O[C@@H]1C[C@@H]([C@H]2C[C@@H]3CNC[C@@]13N2)c4ccccc4,"(3aR,4R,6R,7R,8aR)-6-phenyloctahydro-1H-3a,7-epiminocyclohepta[c]pyrrol-4-ol",PanDDA analysis group deposition of models with modelled events (e.g. bound ligands) -- Crystal Structure of NUDT7 in complex with OX-220,OX-220,,5qgo.al.pdb
9,5QGP,hit,5qgp.pdb,H3Y,,0,O[C@H]1C[C@@H]([C@H]2C[C@@H]3CNC[C@@]13N2)c4ccccc4,"(3aR,4S,6R,7R,8aR)-6-phenyloctahydro-1H-3a,7-epiminocyclohepta[c]pyrrol-4-ol",PanDDA analysis group deposition of models with modelled events (e.g. bound ligands) -- Crystal Structure of NUDT7 in complex with OX-221,OX-221,,5qgp.al.pdb
10,5QGQ,hit,5qgq.pdb,H3J,,0,CC1=C(Oc2cccnc2)C(=O)C=C1,"3-methyl-2-[(pyridin-3-yl)oxy]cyclopenta-2,4-dien-1-one",PanDDA analysis group deposition of models with modelled events (e.g. bound ligands) -- Crystal Structure of NUDT7 in complex with OX-65,OX-65,,5qgq.al.pdb
11,5QGR,hit,5qgr.pdb,H0J,,0,NC(=S)c1sc(cc1)c2ccccn2,5-(pyridin-2-yl)thiophene-2-carbothioamide,PanDDA analysis group deposition of models with modelled events (e.g. bound ligands) -- Crystal Structure of NUDT7 in complex with FMOPL000022a,FMOPL000022a,,5qgr.al.pdb
12,5QGS,hit,5qgs.pdb,H0D,,0,CC[C@H](CO)NC(=O)Nc1ccc(Cl)cc1,N-(4-chlorophenyl)-N'-[(2R)-1-hydroxybutan-2-yl]urea,PanDDA analysis group deposition of models with modelled events (e.g. bound ligands) -- Crystal Structure of NUDT7 in complex with FMOPL000476a,FMOPL000476a,,5qgs.al.pdb
13,5QGT,hit,5qgt.pdb,H04,,0,CCOc1ccccc1N2CCNCC2,1-(2-ethoxyphenyl)piperazine,PanDDA analysis group deposition of models with modelled events (e.g. bound ligands) -- Crystal Structure of NUDT7 in complex with FMOPL000609a,FMOPL000609a,,5qgt.al.pdb
14,5QGU,hit,5qgu.pdb,H3G,,0,CC(C)(C)C1CCN(CC1)C(=O)c2ccccc2,(4-tert-butylpiperidin-1-yl)(phenyl)methanone,PanDDA analysis group deposition of models with modelled events (e.g. bound ligands) -- Crystal Structure of NUDT7 in complex with FMOPL000747a,FMOPL000747a,,5qgu.al.pdb
15,5QGV,hit,5qgv.pdb,H3A,,0,COc1cccc(CC(=O)Nc2cccc(Cl)c2)c1,N-(3-chlorophenyl)-2-(3-methoxyphenyl)acetamide,PanDDA analysis group deposition of models with modelled events (e.g. bound ligands) -- Crystal Structure of NUDT7 in complex with UNUYB062989,UNUYB062989,,5qgv.al.pdb
16,5QGW,hit,5qgw.pdb,H2Y,,0,COc1ccc(CC(=O)Nc2cccnc2)cc1,2-(4-methoxyphenyl)-N-(pyridin-3-yl)acetamide,PanDDA analysis group deposition of models with modelled events (e.g. bound ligands) -- Crystal Structure of NUDT7 in complex with NUOOA000154,NUOOA000154,,5qgw.al.pdb
17,5QGX,hit,5qgx.pdb,H2J,,0,COc1ccc(CC(=O)Nc2cccc(Cl)c2)cc1,N-(3-chlorophenyl)-2-(4-methoxyphenyl)acetamide,PanDDA analysis group deposition of models with modelled events (e.g. bound ligands) -- Crystal Structure of NUDT7 in complex with NUOOA000155,NUOOA000155,,5qgx.al.pdb
18,5QGY,hit,5qgy.pdb,H1Y,,0,Clc1cccc(NC(=O)Cc2ccccc2)c1,N-(3-chlorophenyl)-2-phenylacetamide,PanDDA analysis group deposition of models with modelled events (e.g. bound ligands) -- Crystal Structure of NUDT7 in complex with NUOOA000158,NUOOA000158,,5qgy.al.pdb
19,5QGZ,hit,5qgz.pdb,H1J,,0,Fc1ccc(CC(=O)Nc2cccc(Cl)c2)cc1,N-(3-chlorophenyl)-2-(4-fluorophenyl)acetamide,PanDDA analysis group deposition of models with modelled events (e.g. bound ligands) -- Crystal Structure of NUDT7 in complex with NUOOA000161,NUOOA000161,,5qgz.al.pdb
20,5QH0,hit,5qh0.pdb,H0P,,0,Oc1cccc(CC(=O)Nc2cccnc2)c1,2-(3-hydroxyphenyl)-N-(pyridin-3-yl)acetamide,PanDDA analysis group deposition of models with modelled events (e.g. bound ligands) -- Crystal Structure of NUDT7 in complex with NUOOA000180,NUOOA000180,,5qh0.al.pdb
21,5QH1,hit,5qh1.pdb,H5G,,0,Oc1cccc(CC(=O)Nc2cccc(Cl)c2)c1,N-(3-chlorophenyl)-2-(3-hydroxyphenyl)acetamide,PanDDA analysis group deposition of models with modelled events (e.g. bound ligands) -- Crystal Structure of NUDT7 in complex with NUOOA000181,NUOOA000181,NU181,5qh1.al.pdb
22,5QH2,hit,5qh2.pdb,H54,,0,Cc1cccc(CC(=O)Nc2cccnc2)c1,2-(3-methylphenyl)-N-(pyridin-3-yl)acetamide,PanDDA analysis group deposition of models with modelled events (e.g. bound ligands) -- Crystal Structure of NUDT7 in complex with NUOOA000188,NUOOA000188,,5qh2.al.pdb
23,5QH3,hit,5qh3.pdb,H4G,,0,Fc1ccc(CC(=O)Nc2cccnc2)c(F)c1,"2-(2,4-difluorophenyl)-N-(pyridin-3-yl)acetamide",PanDDA analysis group deposition of models with modelled events (e.g. bound ligands) -- Crystal Structure of NUDT7 in complex with NUOOA000191,NUOOA000191,,5qh3.al.pdb
24,5QH4,hit,5qh4.pdb,H47,,0,COc1cccc(CC(=O)Nc2ccon2)c1,"2-(3-methoxyphenyl)-N-(1,2-oxazol-3-yl)acetamide",PanDDA analysis group deposition of models with modelled events (e.g. bound ligands) -- Crystal Structure of NUDT7 in complex with NUOOA000220a,NUOOA000220a,,5qh4.al.pdb
25,5QH5,hit,5qh5.pdb,H3V,,0,O=C(Cc1ccccc1)Nc2ccon2,"N-(1,2-oxazol-3-yl)-2-phenylacetamide",PanDDA analysis group deposition of models with modelled events (e.g. bound ligands) -- Crystal Structure of NUDT7 in complex with NUOOA000224a,NUOOA000224a,,5qh5.al.pdb
26,5QH6,hit,5qh6.pdb,H0M,,0,Oc1cccc(CC(=O)Nc2ccccn2)c1,2-(3-hydroxyphenyl)-N-(pyridin-2-yl)acetamide,PanDDA analysis group deposition of models with modelled events (e.g. bound ligands) -- Crystal Structure of NUDT7 in complex with NUOOA000259a,NUOOA000259a,,5qh6.al.pdb
27,5QH7,hit,5qh7.pdb,H0G,,0,Cc1cccc(CC(=O)Nc2ccon2)c1,"2-(3-methylphenyl)-N-(1,2-oxazol-3-yl)acetamide",PanDDA analysis group deposition of models with modelled events (e.g. bound ligands) -- Crystal Structure of NUDT7 in complex with NUOOA000194a,NUOOA000194a,,5qh7.al.pdb
28,5QH8,hit,5qh8.pdb,H0A,,0,COc1ccc(cc1)[C@@H]2CC=CCCN2C(C*)=O,"1-[(2S)-2-(4-methoxyphenyl)-2,3,6,7-tetrahydro-1H-azepin-1-yl]ethan-1-one",PanDDA analysis group deposition of models with modelled events (e.g. bound ligands) -- Crystal Structure of NUDT7 in complex with PCM-0102558,PCM-0102558,,5qh8.al.pdb
29,5QH9,hit,5qh9.pdb,GZY,,0,COc1cccc(c1)[C@@H]2CCCN2C(C*)=O,1-[(2S)-2-(3-methoxyphenyl)pyrrolidin-1-yl]ethan-1-one,PanDDA analysis group deposition of models with modelled events (e.g. bound ligands) -- Crystal Structure of NUDT7 in complex with PCM-0102716,PCM-0102716,,5qh9.al.pdb
30,5QHA,hit,5qha.pdb,H3D,,0,*CC(=O)NC1(CCCC1)c2ccc3OCCOc3c2,"N-[1-(2,3-dihydro-1,4-benzodioxin-6-yl)cyclopentyl]acetamide",PanDDA analysis group deposition of models with modelled events (e.g. bound ligands) -- Crystal Structure of NUDT7 in complex with PCM-0102951,PCM-0102951,,5qha.al.pdb
31,5QHB,hit,5qhb.pdb,H31,,0,Cc1ccc(cc1)c2ccccc2N3CCCC3=O,"1-(4'-methyl[1,1'-biphenyl]-2-yl)pyrrolidin-2-one",PanDDA analysis group deposition of models with modelled events (e.g. bound ligands) -- Crystal Structure of NUDT7 in complex with RK4-332,RK4-332,Compound 3D,5qhb.al.pdb
32,5QHC,hit,5qhc.pdb,H2M,,0,FC(F)(F)c1cccc(c1)c2ccccc2N3C=CCC3=O,"1-[3'-(trifluoromethyl)[1,1'-biphenyl]-2-yl]-1,3-dihydro-2H-pyrrol-2-one",PanDDA analysis group deposition of models with modelled events (e.g. bound ligands) -- Crystal Structure of NUDT7 in complex with RK4-337,RK4-337,Compound 3C,5qhc.al.pdb
33,5QHE,hit,5qhe.pdb,H1P,,0,Fc1ccc(cc1)c2ccccc2N3C=CCC3=O,"1-(4'-fluoro[1,1'-biphenyl]-2-yl)-1,3-dihydro-2H-pyrrol-2-one",PanDDA analysis group deposition of models with modelled events (e.g. bound ligands) -- Crystal Structure of NUDT7 in complex with RK4-350,RK4-350,Compound 3F,5qhe.al.pdb
34,5QHF,hit,5qhf.pdb,H1G,,0,COc1ccc(CC(=O)Nc2cncc(OCC(=O)N3CCNC(=O)C3)c2)cc1,2-(4-methoxyphenyl)-N-{5-[2-oxo-2-(3-oxopiperazin-1-yl)ethoxy]pyridin-3-yl}acetamide,PanDDA analysis group deposition of models with modelled events (e.g. bound ligands) -- Crystal Structure of NUDT7 in complex with NUOOA000301a,NUOOA000301a,,5qhf.al.pdb
35,5QHG,hit,5qhg.pdb,H17,,0,Clc1cccc(NC(=O)Cc2cccc(c2)[C@H]3CCCN3C(=O)C=C)c1,2-{3-[(2R)-1-acryloylpyrrolidin-2-yl]phenyl}-N-(3-chlorophenyl)acetamide,PanDDA analysis group deposition of models with modelled events (e.g. bound ligands) -- Crystal Structure of NUDT7 in complex with NU000442a,NU000442a,,5qhg.al.pdb
36,5QHH,hit,5qhh.pdb,H5D,,0,*CC(=O)N1CCC[C@H]1c2cccc(CC(=O)Nc3cccc(Cl)c3)c2,2-{3-[(2S)-1-acetylpyrrolidin-2-yl]phenyl}-N-(3-chlorophenyl)acetamide,PanDDA analysis group deposition of models with modelled events (e.g. bound ligands) -- Crystal Structure of NUDT7 in complex with NU000443a,NU000443a,NU443,5qhh.al.pdb
